"id","email_id","subj_text","subj_type","predicate","obj_text","obj_type","pad_id","component_id","metric","value","unit","severity","confidence","attrs","extracted_at"
"124","102","PAD-A","pad","has_metric","fluid_end_vibration_mms","metric","PAD-A",,"fluid_end_vibration_mms","2.4","mm/s","MED",,,"2025-09-12 08:30:00+00"
"125","102","PAD-A","pad","has_status","issue_flagged","status","PAD-A",,,,,,,,"2025-09-12 08:30:00+00"
"126","103","ENG-12","component","located_at","PAD-A","pad","PAD-A","ENG-12",,,,,,,"2025-09-12 08:45:00+00"
"127","103","ENG-12","component","has_metric","engine_oil_pressure_psi","metric","PAD-A","ENG-12","engine_oil_pressure_psi","85.0","psi","MED",,,"2025-09-12 08:45:00+00"
"128","103","ENG-12","component","has_metric","engine_oil_temp_c","metric","PAD-A","ENG-12","engine_oil_temp_c","120.0","°C","HIGH",,,"2025-09-12 08:45:00+00"
"129","103","ENG-12","component","has_metric","engine_water_temp_c","metric","PAD-A","ENG-12","engine_water_temp_c","102.0","°C","HIGH",,,"2025-09-12 08:45:00+00"
"130","103","ENG-12","component","has_metric","engine_load_pct","metric","PAD-A","ENG-12","engine_load_pct","105.0","%","HIGH",,,"2025-09-12 08:45:00+00"
"131","103","ENG-12","component","has_symptom","exceeded_limits","symptom","PAD-A","ENG-12",,,,"HIGH",,,"2025-09-12 08:45:00+00"
"132","103","ENG-12","component","has_status","normal","status","PAD-A","ENG-12",,,,,,,"2025-09-12 08:45:00+00"
"133","104","ENG-34","component","located_at","PAD-C","pad","PAD-C","ENG-34",,,,,,,"2025-09-12 09:00:00+00"
"134","104","ENG-34","component","has_metric","engine_oil_pressure_psi","metric","PAD-C","ENG-34","engine_oil_pressure_psi","86.0","psi","MED",,,"2025-09-12 09:00:00+00"
"135","104","ENG-34","component","has_metric","engine_oil_temp_c","metric","PAD-C","ENG-34","engine_oil_temp_c","96.0","°C","MED",,,"2025-09-12 09:00:00+00"
"136","104","ENG-34","component","has_metric","engine_water_temp_c","metric","PAD-C","ENG-34","engine_water_temp_c","103.0","°C","HIGH",,,"2025-09-12 09:00:00+00"
"137","104","ENG-34","component","has_metric","engine_load_pct","metric","PAD-C","ENG-34","engine_load_pct","71.0","%","MED",,,"2025-09-12 09:00:00+00"
"138","104","ENG-34","component","has_symptom","exceeded_limits","symptom","PAD-C","ENG-34",,,,"HIGH",,,"2025-09-12 09:00:00+00"
"139","104","ENG-34","component","has_status","normal","status","PAD-C","ENG-34",,,,,,,"2025-09-12 09:00:00+00"
"140","105","ENG-12","component","located_at","PAD-A","pad","PAD-A","ENG-12",,,,,,,"2025-09-12 09:15:00+00"
"141","105","ENG-12","component","has_metric","engine_oil_pressure_psi","metric","PAD-A","ENG-12","engine_oil_pressure_psi","72.0","psi","MED",,,"2025-09-12 09:15:00+00"
"142","105","ENG-12","component","has_metric","engine_oil_temp_c","metric","PAD-A","ENG-12","engine_oil_temp_c","118.0","°C","HIGH",,,"2025-09-12 09:15:00+00"
"143","105","ENG-12","component","has_metric","engine_water_temp_c","metric","PAD-A","ENG-12","engine_water_temp_c","88.0","°C","MED",,,"2025-09-12 09:15:00+00"
"144","105","ENG-12","component","has_metric","engine_load_pct","metric","PAD-A","ENG-12","engine_load_pct","77.0","%","MED",,,"2025-09-12 09:15:00+00"
"145","105","ENG-12","component","has_symptom","exceeded_limits","symptom","PAD-A","ENG-12",,,,"HIGH",,,"2025-09-12 09:15:00+00"
"146","105","ENG-12","component","has_status","normal","status","PAD-A","ENG-12",,,,,,,"2025-09-12 09:15:00+00"
"147","106","ENG-27","component","located_at","PAD-B","pad","PAD-B","ENG-27",,,,,,,"2025-09-12 09:30:00+00"
"148","106","ENG-27","component","has_metric","engine_oil_pressure_psi","metric","PAD-B","ENG-27","engine_oil_pressure_psi","71.0","psi","MED",,,"2025-09-12 09:30:00+00"
"149","106","ENG-27","component","has_metric","engine_oil_temp_c","metric","PAD-B","ENG-27","engine_oil_temp_c","121.0","°C","HIGH",,,"2025-09-12 09:30:00+00"
"150","106","ENG-27","component","has_metric","engine_water_temp_c","metric","PAD-B","ENG-27","engine_water_temp_c","82.0","°C","MED",,,"2025-09-12 09:30:00+00"
"151","106","ENG-27","component","has_metric","engine_load_pct","metric","PAD-B","ENG-27","engine_load_pct","104.0","%","HIGH",,,"2025-09-12 09:30:00+00"
"152","106","ENG-27","component","has_symptom","exceeded_limits","symptom","PAD-B","ENG-27",,,,"HIGH",,,"2025-09-12 09:30:00+00"
"153","106","ENG-27","component","has_status","exceeded","status","PAD-B","ENG-27",,,,,,,"2025-09-12 09:30:00+00"
"154","107","ENG-12","component","located_at","PAD-A","pad","PAD-A","ENG-12",,,,,,,"2025-09-12 09:45:00+00"
"155","107","ENG-12","component","has_metric","engine_oil_pressure_psi","metric","PAD-A","ENG-12","engine_oil_pressure_psi","85.0","psi","MED",,,"2025-09-12 09:45:00+00"
"156","107","ENG-12","component","has_metric","engine_oil_temp_c","metric","PAD-A","ENG-12","engine_oil_temp_c","128.0","°C","HIGH",,,"2025-09-12 09:45:00+00"
"157","107","ENG-12","component","has_metric","engine_water_temp_c","metric","PAD-A","ENG-12","engine_water_temp_c","84.0","°C","MED",,,"2025-09-12 09:45:00+00"
"158","107","ENG-12","component","has_metric","engine_load_pct","metric","PAD-A","ENG-12","engine_load_pct","89.0","%","MED",,,"2025-09-12 09:45:00+00"
"159","107","ENG-12","component","has_symptom","exceeded_limits","symptom","PAD-A","ENG-12",,,,"HIGH",,,"2025-09-12 09:45:00+00"
"160","107","ENG-12","component","has_status","normal","status","PAD-A","ENG-12",,,,,,,"2025-09-12 09:45:00+00"
"161","108","ENG-12","component","located_at","PAD-A","pad","PAD-A","ENG-12",,,,,,,"2025-09-12 10:00:00+00"
"162","108","ENG-12","component","has_metric","engine_oil_pressure_psi","metric","PAD-A","ENG-12","engine_oil_pressure_psi","64.0","psi","MED",,,"2025-09-12 10:00:00+00"
"163","108","ENG-12","component","has_metric","engine_oil_temp_c","metric","PAD-A","ENG-12","engine_oil_temp_c","108.0","°C","MED",,,"2025-09-12 10:00:00+00"
"164","108","ENG-12","component","has_metric","engine_water_temp_c","metric","PAD-A","ENG-12","engine_water_temp_c","109.0","°C","HIGH",,,"2025-09-12 10:00:00+00"
"165","108","ENG-12","component","has_metric","engine_load_pct","metric","PAD-A","ENG-12","engine_load_pct","74.0","%","MED",,,"2025-09-12 10:00:00+00"
"166","108","ENG-12","component","has_symptom","exceeded_limits","symptom","PAD-A","ENG-12",,,,"HIGH",,,"2025-09-12 10:00:00+00"
"167","108","ENG-12","component","has_status","exceeded","status","PAD-A","ENG-12",,,,,,,"2025-09-12 10:00:00+00"
"168","109","TRANS-12","component","located_at","PAD-A","pad","PAD-A","TRANS-12",,,,,,,"2025-09-12 10:15:00+00"
"169","109","TRANS-12","component","has_metric","trans_oil_pressure_psi","metric","PAD-A","TRANS-12","trans_oil_pressure_psi","162.0","psi","MED",,,"2025-09-12 10:15:00+00"
"170","109","TRANS-12","component","has_metric","trans_oil_temp_c","metric","PAD-A","TRANS-12","trans_oil_temp_c","124.0","°C","HIGH",,,"2025-09-12 10:15:00+00"
"171","109","TRANS-12","component","has_symptom","exceeded_limits","symptom","PAD-A","TRANS-12",,,,"HIGH",,,"2025-09-12 10:15:00+00"
"172","109","TRANS-12","component","has_status","issue_flagged","status","PAD-A","TRANS-12",,,,,,,"2025-09-12 10:15:00+00"
"173","110","ENG-27","component","located_at","PAD-B","pad","PAD-B","ENG-27",,,,,,,"2025-09-12 10:30:00+00"
"174","110","ENG-27","component","has_metric","engine_oil_pressure_psi","metric","PAD-B","ENG-27","engine_oil_pressure_psi","85.0","psi","MED",,,"2025-09-12 10:30:00+00"
"175","110","ENG-27","component","has_metric","engine_oil_temp_c","metric","PAD-B","ENG-27","engine_oil_temp_c","122.0","°C","HIGH",,,"2025-09-12 10:30:00+00"
"176","110","ENG-27","component","has_metric","engine_water_temp_c","metric","PAD-B","ENG-27","engine_water_temp_c","83.0","°C","MED",,,"2025-09-12 10:30:00+00"
"177","110","ENG-27","component","has_metric","engine_load_pct","metric","PAD-B","ENG-27","engine_load_pct","94.0","%","HIGH",,,"2025-09-12 10:30:00+00"
"178","110","ENG-27","component","has_symptom","exceeded_limits","symptom","PAD-B","ENG-27",,,,"HIGH",,,"2025-09-12 10:30:00+00"
"179","110","ENG-27","component","has_status","exceeded","status","PAD-B","ENG-27",,,,,,,"2025-09-12 10:30:00+00"
"180","111","ENG-12","component","located_at","PAD-A","pad","PAD-A","ENG-12",,,,,,,"2025-09-12 10:45:00+00"
"181","111","ENG-12","component","has_metric","engine_oil_pressure_psi","metric","PAD-A","ENG-12","engine_oil_pressure_psi","60.0","psi","MED",,,"2025-09-12 10:45:00+00"
"182","111","ENG-12","component","has_metric","engine_oil_temp_c","metric","PAD-A","ENG-12","engine_oil_temp_c","118.0","°C","HIGH",,,"2025-09-12 10:45:00+00"
"183","111","ENG-12","component","has_metric","engine_water_temp_c","metric","PAD-A","ENG-12","engine_water_temp_c","98.0","°C","HIGH",,,"2025-09-12 10:45:00+00"
"184","111","ENG-12","component","has_metric","engine_load_pct","metric","PAD-A","ENG-12","engine_load_pct","77.0","%","MED",,,"2025-09-12 10:45:00+00"
"185","111","ENG-12","component","has_symptom","exceeded_limits","symptom","PAD-A","ENG-12",,,,"HIGH",,,"2025-09-12 10:45:00+00"
"186","111","ENG-12","component","has_status","normal","status","PAD-A","ENG-12",,,,,,,"2025-09-12 10:45:00+00"
"187","112","ENG-27","component","located_at","PAD-B","pad","PAD-B","ENG-27",,,,,,,"2025-09-12 11:00:00+00"
"188","112","ENG-27","component","has_metric","engine_oil_pressure_psi","metric","PAD-B","ENG-27","engine_oil_pressure_psi","93.0","psi","HIGH",,,"2025-09-12 11:00:00+00"
"189","112","ENG-27","component","has_metric","engine_oil_temp_c","metric","PAD-B","ENG-27","engine_oil_temp_c","102.0","°C","MED",,,"2025-09-12 11:00:00+00"
"190","112","ENG-27","component","has_metric","engine_water_temp_c","metric","PAD-B","ENG-27","engine_water_temp_c","96.0","°C","HIGH",,,"2025-09-12 11:00:00+00"
"191","112","ENG-27","component","has_metric","engine_load_pct","metric","PAD-B","ENG-27","engine_load_pct","96.0","%","HIGH",,,"2025-09-12 11:00:00+00"
"192","112","ENG-27","component","has_symptom","exceeded_limits","symptom","PAD-B","ENG-27",,,,"HIGH",,,"2025-09-12 11:00:00+00"
"193","112","ENG-27","component","has_status","normal","status","PAD-B","ENG-27",,,,,,,"2025-09-12 11:00:00+00"
"194","113","PAD-A","pad","has_metric","fluid_end_vibration_mms","metric","PAD-A",,"fluid_end_vibration_mms","8.4","mm/s","HIGH",,,"2025-09-12 11:15:00+00"
"195","113","PAD-A","pad","has_symptom","exceeded_limits","symptom","PAD-A",,,,,"HIGH",,,"2025-09-12 11:15:00+00"
"196","113","PAD-A","pad","has_status","issue_flagged","status","PAD-A",,,,,,,,"2025-09-12 11:15:00+00"
"197","114","ENG-27","component","located_at","PAD-B","pad","PAD-B","ENG-27",,,,,,,"2025-09-12 11:30:00+00"
"198","114","ENG-27","component","has_metric","engine_oil_pressure_psi","metric","PAD-B","ENG-27","engine_oil_pressure_psi","94.0","psi","HIGH",,,"2025-09-12 11:30:00+00"
"199","114","ENG-27","component","has_metric","engine_oil_temp_c","metric","PAD-B","ENG-27","engine_oil_temp_c","99.0","°C","MED",,,"2025-09-12 11:30:00+00"
"200","114","ENG-27","component","has_metric","engine_water_temp_c","metric","PAD-B","ENG-27","engine_water_temp_c","94.0","°C","MED",,,"2025-09-12 11:30:00+00"
"201","114","ENG-27","component","has_metric","engine_load_pct","metric","PAD-B","ENG-27","engine_load_pct","93.0","%","HIGH",,,"2025-09-12 11:30:00+00"
"202","114","ENG-27","component","has_symptom","exceeded_limits","symptom","PAD-B","ENG-27",,,,"HIGH",,,"2025-09-12 11:30:00+00"
"203","114","ENG-27","component","has_status","exceeded","status","PAD-B","ENG-27",,,,,,,"2025-09-12 11:30:00+00"
"204","115","TRANS-12","component","located_at","PAD-A","pad","PAD-A","TRANS-12",,,,,,,"2025-09-12 11:45:00+00"
"205","115","TRANS-12","component","has_metric","trans_oil_pressure_psi","metric","PAD-A","TRANS-12","trans_oil_pressure_psi","211.0","psi","MED",,,"2025-09-12 11:45:00+00"
"206","115","TRANS-12","component","has_metric","trans_oil_temp_c","metric","PAD-A","TRANS-12","trans_oil_temp_c","118.0","°C","HIGH",,,"2025-09-12 11:45:00+00"
"207","115","TRANS-12","component","has_symptom","exceeded_limits","symptom","PAD-A","TRANS-12",,,,"HIGH",,,"2025-09-12 11:45:00+00"
"208","115","TRANS-12","component","has_status","issue_flagged","status","PAD-A","TRANS-12",,,,,,,"2025-09-12 11:45:00+00"
"209","116","PAD-A","pad","has_metric","fluid_end_vibration_mms","metric","PAD-A",,"fluid_end_vibration_mms","5.8","mm/s","HIGH",,,"2025-09-12 12:00:00+00"
"210","116","PAD-A","pad","has_symptom","exceeded_limits","symptom","PAD-A",,,,,"HIGH",,,"2025-09-12 12:00:00+00"
"211","116","PAD-A","pad","has_status","warning","status","PAD-A",,,,,,,,"2025-09-12 12:00:00+00"
"212","117","TRANS-12","component","located_at","PAD-A","pad","PAD-A","TRANS-12",,,,,,,"2025-09-12 12:15:00+00"
"213","117","TRANS-12","component","has_metric","trans_oil_pressure_psi","metric","PAD-A","TRANS-12","trans_oil_pressure_psi","223.0","psi","MED",,,"2025-09-12 12:15:00+00"
"214","117","TRANS-12","component","has_metric","trans_oil_temp_c","metric","PAD-A","TRANS-12","trans_oil_temp_c","115.0","°C","HIGH",,,"2025-09-12 12:15:00+00"
"215","117","TRANS-12","component","has_symptom","exceeded_limits","symptom","PAD-A","TRANS-12",,,,"HIGH",,,"2025-09-12 12:15:00+00"
"216","117","TRANS-12","component","has_status","issue_flagged","status","PAD-A","TRANS-12",,,,,,,"2025-09-12 12:15:00+00"
"217","119","PAD-A","pad","has_metric","fluid_end_vibration_mms","metric","PAD-A",,"fluid_end_vibration_mms","5.3","mm/s","HIGH",,,"2025-09-12 12:45:00+00"
"218","119","PAD-A","pad","has_symptom","exceeded_limits","symptom","PAD-A",,,,,"HIGH",,,"2025-09-12 12:45:00+00"
"219","119","PAD-A","pad","has_status","issue_flagged","status","PAD-A",,,,,,,,"2025-09-12 12:45:00+00"
"220","121","ENG-34","component","located_at","PAD-C","pad","PAD-C","ENG-34",,,,,,,"2025-09-12 13:15:00+00"
"221","121","ENG-34","component","has_metric","engine_oil_pressure_psi","metric","PAD-C","ENG-34","engine_oil_pressure_psi","73.0","psi","MED",,,"2025-09-12 13:15:00+00"
"222","121","ENG-34","component","has_metric","engine_oil_temp_c","metric","PAD-C","ENG-34","engine_oil_temp_c","114.0","°C","HIGH",,,"2025-09-12 13:15:00+00"
"223","121","ENG-34","component","has_metric","engine_water_temp_c","metric","PAD-C","ENG-34","engine_water_temp_c","105.0","°C","HIGH",,,"2025-09-12 13:15:00+00"
"224","121","ENG-34","component","has_metric","engine_load_pct","metric","PAD-C","ENG-34","engine_load_pct","105.0","%","HIGH",,,"2025-09-12 13:15:00+00"
"225","121","ENG-34","component","has_symptom","exceeded_limits","symptom","PAD-C","ENG-34",,,,"HIGH",,,"2025-09-12 13:15:00+00"
"226","121","ENG-34","component","has_status","normal","status","PAD-C","ENG-34",,,,,,,"2025-09-12 13:15:00+00"
"227","122","PAD-A","pad","has_metric","fluid_end_vibration_mms","metric","PAD-A",,"fluid_end_vibration_mms","7.0","mm/s","HIGH",,,"2025-09-12 13:30:00+00"
"228","122","PAD-A","pad","has_symptom","exceeded_limits","symptom","PAD-A",,,,,"HIGH",,,"2025-09-12 13:30:00+00"
"229","122","PAD-A","pad","has_status","issue_flagged","status","PAD-A",,,,,,,,"2025-09-12 13:30:00+00"
"230","123","PAD-A","pad","has_metric","fluid_end_vibration_mms","metric","PAD-A",,"fluid_end_vibration_mms","2.9","mm/s","MED",,,"2025-09-12 13:45:00+00"
"231","123","PAD-A","pad","has_status","issue_flagged","status","PAD-A",,,,,,,,"2025-09-12 13:45:00+00"
"232","124","PAD-A","pad","has_metric","fluid_end_vibration_mms","metric","PAD-A",,"fluid_end_vibration_mms","7.5","mm/s","HIGH",,,"2025-09-12 14:00:00+00"
"233","124","PAD-A","pad","has_symptom","exceeded_limits","symptom","PAD-A",,,,,"HIGH",,,"2025-09-12 14:00:00+00"
"234","124","PAD-A","pad","has_status","warning","status","PAD-A",,,,,,,,"2025-09-12 14:00:00+00"
"235","125","PAD-A","pad","has_metric","fluid_end_vibration_mms","metric","PAD-A",,"fluid_end_vibration_mms","7.9","mm/s","HIGH",,,"2025-09-12 14:15:00+00"
"236","125","PAD-A","pad","has_symptom","exceeded_limits","symptom","PAD-A",,,,,"HIGH",,,"2025-09-12 14:15:00+00"
"237","125","PAD-A","pad","has_status","warning","status","PAD-A",,,,,,,,"2025-09-12 14:15:00+00"
"238","126","ENG-12","component","located_at","PAD-A","pad","PAD-A","ENG-12",,,,,,,"2025-09-12 14:30:00+00"
"239","126","ENG-12","component","has_metric","engine_oil_pressure_psi","metric","PAD-A","ENG-12","engine_oil_pressure_psi","57.0","psi","MED",,,"2025-09-12 14:30:00+00"
"240","126","ENG-12","component","has_metric","engine_oil_temp_c","metric","PAD-A","ENG-12","engine_oil_temp_c","114.0","°C","HIGH",,,"2025-09-12 14:30:00+00"
"241","126","ENG-12","component","has_metric","engine_water_temp_c","metric","PAD-A","ENG-12","engine_water_temp_c","91.0","°C","MED",,,"2025-09-12 14:30:00+00"
"242","126","ENG-12","component","has_metric","engine_load_pct","metric","PAD-A","ENG-12","engine_load_pct","104.0","%","HIGH",,,"2025-09-12 14:30:00+00"
"243","126","ENG-12","component","has_symptom","exceeded_limits","symptom","PAD-A","ENG-12",,,,"HIGH",,,"2025-09-12 14:30:00+00"
"244","126","ENG-12","component","has_status","exceeded","status","PAD-A","ENG-12",,,,,,,"2025-09-12 14:30:00+00"
"245","127","PAD-A","pad","has_metric","fluid_end_vibration_mms","metric","PAD-A",,"fluid_end_vibration_mms","6.8","mm/s","HIGH",,,"2025-09-12 14:45:00+00"
"246","127","PAD-A","pad","has_symptom","exceeded_limits","symptom","PAD-A",,,,,"HIGH",,,"2025-09-12 14:45:00+00"
"247","127","PAD-A","pad","has_status","issue_flagged","status","PAD-A",,,,,,,,"2025-09-12 14:45:00+00"
"248","128","TRANS-12","component","located_at","PAD-A","pad","PAD-A","TRANS-12",,,,,,,"2025-09-12 15:00:00+00"
"249","128","TRANS-12","component","has_metric","trans_oil_pressure_psi","metric","PAD-A","TRANS-12","trans_oil_pressure_psi","235.0","psi","MED",,,"2025-09-12 15:00:00+00"
"250","128","TRANS-12","component","has_metric","trans_oil_temp_c","metric","PAD-A","TRANS-12","trans_oil_temp_c","91.0","°C","MED",,,"2025-09-12 15:00:00+00"
"251","128","TRANS-12","component","has_status","issue_flagged","status","PAD-A","TRANS-12",,,,,,,"2025-09-12 15:00:00+00"
"252","129","TRANS-12","component","located_at","PAD-A","pad","PAD-A","TRANS-12",,,,,,,"2025-09-12 15:15:00+00"
"253","129","TRANS-12","component","has_metric","trans_oil_pressure_psi","metric","PAD-A","TRANS-12","trans_oil_pressure_psi","247.0","psi","MED",,,"2025-09-12 15:15:00+00"
"254","129","TRANS-12","component","has_metric","trans_oil_temp_c","metric","PAD-A","TRANS-12","trans_oil_temp_c","112.0","°C","HIGH",,,"2025-09-12 15:15:00+00"
"255","129","TRANS-12","component","has_symptom","exceeded_limits","symptom","PAD-A","TRANS-12",,,,"HIGH",,,"2025-09-12 15:15:00+00"
"256","129","TRANS-12","component","has_status","issue_flagged","status","PAD-A","TRANS-12",,,,,,,"2025-09-12 15:15:00+00"
"257","130","ENG-34","component","located_at","PAD-C","pad","PAD-C","ENG-34",,,,,,,"2025-09-12 15:30:00+00"
"258","130","ENG-34","component","has_metric","engine_oil_pressure_psi","metric","PAD-C","ENG-34","engine_oil_pressure_psi","70.0","psi","MED",,,"2025-09-12 15:30:00+00"
"259","130","ENG-34","component","has_metric","engine_oil_temp_c","metric","PAD-C","ENG-34","engine_oil_temp_c","122.0","°C","HIGH",,,"2025-09-12 15:30:00+00"
"260","130","ENG-34","component","has_metric","engine_water_temp_c","metric","PAD-C","ENG-34","engine_water_temp_c","86.0","°C","MED",,,"2025-09-12 15:30:00+00"
"261","130","ENG-34","component","has_metric","engine_load_pct","metric","PAD-C","ENG-34","engine_load_pct","72.0","%","MED",,,"2025-09-12 15:30:00+00"
"262","130","ENG-34","component","has_symptom","exceeded_limits","symptom","PAD-C","ENG-34",,,,"HIGH",,,"2025-09-12 15:30:00+00"
"263","130","ENG-34","component","has_status","normal","status","PAD-C","ENG-34",,,,,,,"2025-09-12 15:30:00+00"
"264","131","TRANS-12","component","located_at","PAD-A","pad","PAD-A","TRANS-12",,,,,,,"2025-09-12 15:45:00+00"
"265","131","TRANS-12","component","has_metric","trans_oil_pressure_psi","metric","PAD-A","TRANS-12","trans_oil_pressure_psi","111.0","psi","MED",,,"2025-09-12 15:45:00+00"
"266","131","TRANS-12","component","has_metric","trans_oil_temp_c","metric","PAD-A","TRANS-12","trans_oil_temp_c","81.0","°C","MED",,,"2025-09-12 15:45:00+00"
"267","131","TRANS-12","component","has_status","issue_flagged","status","PAD-A","TRANS-12",,,,,,,"2025-09-12 15:45:00+00"
"268","132","ENG-34","component","located_at","PAD-C","pad","PAD-C","ENG-34",,,,,,,"2025-09-12 16:00:00+00"
"269","132","ENG-34","component","has_metric","engine_oil_pressure_psi","metric","PAD-C","ENG-34","engine_oil_pressure_psi","94.0","psi","HIGH",,,"2025-09-12 16:00:00+00"
"270","132","ENG-34","component","has_metric","engine_oil_temp_c","metric","PAD-C","ENG-34","engine_oil_temp_c","109.0","°C","MED",,,"2025-09-12 16:00:00+00"
"271","132","ENG-34","component","has_metric","engine_water_temp_c","metric","PAD-C","ENG-34","engine_water_temp_c","101.0","°C","HIGH",,,"2025-09-12 16:00:00+00"
"272","132","ENG-34","component","has_metric","engine_load_pct","metric","PAD-C","ENG-34","engine_load_pct","70.0","%","MED",,,"2025-09-12 16:00:00+00"
"273","132","ENG-34","component","has_symptom","exceeded_limits","symptom","PAD-C","ENG-34",,,,"HIGH",,,"2025-09-12 16:00:00+00"
"274","132","ENG-34","component","has_status","normal","status","PAD-C","ENG-34",,,,,,,"2025-09-12 16:00:00+00"
"275","133","ENG-12","component","located_at","PAD-A","pad","PAD-A","ENG-12",,,,,,,"2025-09-12 16:15:00+00"
"276","133","ENG-12","component","has_metric","engine_oil_pressure_psi","metric","PAD-A","ENG-12","engine_oil_pressure_psi","95.0","psi","HIGH",,,"2025-09-12 16:15:00+00"
"277","133","ENG-12","component","has_metric","engine_oil_temp_c","metric","PAD-A","ENG-12","engine_oil_temp_c","122.0","°C","HIGH",,,"2025-09-12 16:15:00+00"
"278","133","ENG-12","component","has_metric","engine_water_temp_c","metric","PAD-A","ENG-12","engine_water_temp_c","94.0","°C","MED",,,"2025-09-12 16:15:00+00"
"279","133","ENG-12","component","has_metric","engine_load_pct","metric","PAD-A","ENG-12","engine_load_pct","74.0","%","MED",,,"2025-09-12 16:15:00+00"
"280","133","ENG-12","component","has_symptom","exceeded_limits","symptom","PAD-A","ENG-12",,,,"HIGH",,,"2025-09-12 16:15:00+00"
"281","133","ENG-12","component","has_status","normal","status","PAD-A","ENG-12",,,,,,,"2025-09-12 16:15:00+00"
"282","134","ENG-27","component","located_at","PAD-B","pad","PAD-B","ENG-27",,,,,,,"2025-09-12 16:30:00+00"
"283","134","ENG-27","component","has_metric","engine_oil_pressure_psi","metric","PAD-B","ENG-27","engine_oil_pressure_psi","77.0","psi","MED",,,"2025-09-12 16:30:00+00"
"284","134","ENG-27","component","has_metric","engine_oil_temp_c","metric","PAD-B","ENG-27","engine_oil_temp_c","116.0","°C","HIGH",,,"2025-09-12 16:30:00+00"
"285","134","ENG-27","component","has_metric","engine_water_temp_c","metric","PAD-B","ENG-27","engine_water_temp_c","102.0","°C","HIGH",,,"2025-09-12 16:30:00+00"
"286","134","ENG-27","component","has_metric","engine_load_pct","metric","PAD-B","ENG-27","engine_load_pct","97.0","%","HIGH",,,"2025-09-12 16:30:00+00"
"287","134","ENG-27","component","has_symptom","exceeded_limits","symptom","PAD-B","ENG-27",,,,"HIGH",,,"2025-09-12 16:30:00+00"
"288","134","ENG-27","component","has_status","normal","status","PAD-B","ENG-27",,,,,,,"2025-09-12 16:30:00+00"
"289","135","PAD-A","pad","has_metric","fluid_end_vibration_mms","metric","PAD-A",,"fluid_end_vibration_mms","3.7","mm/s","MED",,,"2025-09-12 16:45:00+00"
"290","135","PAD-A","pad","has_status","issue_flagged","status","PAD-A",,,,,,,,"2025-09-12 16:45:00+00"
"291","136","ENG-27","component","located_at","PAD-B","pad","PAD-B","ENG-27",,,,,,,"2025-09-12 17:00:00+00"
"292","136","ENG-27","component","has_metric","engine_oil_pressure_psi","metric","PAD-B","ENG-27","engine_oil_pressure_psi","61.0","psi","MED",,,"2025-09-12 17:00:00+00"
"293","136","ENG-27","component","has_metric","engine_oil_temp_c","metric","PAD-B","ENG-27","engine_oil_temp_c","103.0","°C","MED",,,"2025-09-12 17:00:00+00"
"294","136","ENG-27","component","has_metric","engine_water_temp_c","metric","PAD-B","ENG-27","engine_water_temp_c","100.0","°C","HIGH",,,"2025-09-12 17:00:00+00"
"295","136","ENG-27","component","has_metric","engine_load_pct","metric","PAD-B","ENG-27","engine_load_pct","82.0","%","MED",,,"2025-09-12 17:00:00+00"
"296","136","ENG-27","component","has_symptom","exceeded_limits","symptom","PAD-B","ENG-27",,,,"HIGH",,,"2025-09-12 17:00:00+00"
"297","136","ENG-27","component","has_status","normal","status","PAD-B","ENG-27",,,,,,,"2025-09-12 17:00:00+00"
"298","137","ENG-12","component","located_at","PAD-A","pad","PAD-A","ENG-12",,,,,,,"2025-09-12 17:15:00+00"
"299","137","ENG-12","component","has_metric","engine_oil_pressure_psi","metric","PAD-A","ENG-12","engine_oil_pressure_psi","90.0","psi","HIGH",,,"2025-09-12 17:15:00+00"
"300","137","ENG-12","component","has_metric","engine_oil_temp_c","metric","PAD-A","ENG-12","engine_oil_temp_c","115.0","°C","HIGH",,,"2025-09-12 17:15:00+00"
"301","137","ENG-12","component","has_metric","engine_water_temp_c","metric","PAD-A","ENG-12","engine_water_temp_c","91.0","°C","MED",,,"2025-09-12 17:15:00+00"
"302","137","ENG-12","component","has_metric","engine_load_pct","metric","PAD-A","ENG-12","engine_load_pct","84.0","%","MED",,,"2025-09-12 17:15:00+00"
"303","137","ENG-12","component","has_symptom","exceeded_limits","symptom","PAD-A","ENG-12",,,,"HIGH",,,"2025-09-12 17:15:00+00"
"304","137","ENG-12","component","has_status","exceeded","status","PAD-A","ENG-12",,,,,,,"2025-09-12 17:15:00+00"
"305","138","ENG-27","component","located_at","PAD-B","pad","PAD-B","ENG-27",,,,,,,"2025-09-12 17:30:00+00"
"306","138","ENG-27","component","has_metric","engine_oil_pressure_psi","metric","PAD-B","ENG-27","engine_oil_pressure_psi","87.0","psi","MED",,,"2025-09-12 17:30:00+00"
"307","138","ENG-27","component","has_metric","engine_oil_temp_c","metric","PAD-B","ENG-27","engine_oil_temp_c","112.0","°C","HIGH",,,"2025-09-12 17:30:00+00"
"308","138","ENG-27","component","has_metric","engine_water_temp_c","metric","PAD-B","ENG-27","engine_water_temp_c","96.0","°C","HIGH",,,"2025-09-12 17:30:00+00"
"309","138","ENG-27","component","has_metric","engine_load_pct","metric","PAD-B","ENG-27","engine_load_pct","72.0","%","MED",,,"2025-09-12 17:30:00+00"
"310","138","ENG-27","component","has_symptom","exceeded_limits","symptom","PAD-B","ENG-27",,,,"HIGH",,,"2025-09-12 17:30:00+00"
"311","138","ENG-27","component","has_status","exceeded","status","PAD-B","ENG-27",,,,,,,"2025-09-12 17:30:00+00"
"312","139","ENG-34","component","located_at","PAD-C","pad","PAD-C","ENG-34",,,,,,,"2025-09-12 17:45:00+00"
"313","139","ENG-34","component","has_metric","engine_oil_pressure_psi","metric","PAD-C","ENG-34","engine_oil_pressure_psi","69.0","psi","MED",,,"2025-09-12 17:45:00+00"
"314","139","ENG-34","component","has_metric","engine_oil_temp_c","metric","PAD-C","ENG-34","engine_oil_temp_c","130.0","°C","HIGH",,,"2025-09-12 17:45:00+00"
"315","139","ENG-34","component","has_metric","engine_water_temp_c","metric","PAD-C","ENG-34","engine_water_temp_c","98.0","°C","HIGH",,,"2025-09-12 17:45:00+00"
"316","139","ENG-34","component","has_metric","engine_load_pct","metric","PAD-C","ENG-34","engine_load_pct","98.0","%","HIGH",,,"2025-09-12 17:45:00+00"
"317","139","ENG-34","component","has_symptom","exceeded_limits","symptom","PAD-C","ENG-34",,,,"HIGH",,,"2025-09-12 17:45:00+00"
"318","139","ENG-34","component","has_status","exceeded","status","PAD-C","ENG-34",,,,,,,"2025-09-12 17:45:00+00"
"319","140","ENG-12","component","located_at","PAD-A","pad","PAD-A","ENG-12",,,,,,,"2025-09-12 18:00:00+00"
"320","140","ENG-12","component","has_metric","engine_oil_pressure_psi","metric","PAD-A","ENG-12","engine_oil_pressure_psi","83.0","psi","MED",,,"2025-09-12 18:00:00+00"
"321","140","ENG-12","component","has_metric","engine_oil_temp_c","metric","PAD-A","ENG-12","engine_oil_temp_c","123.0","°C","HIGH",,,"2025-09-12 18:00:00+00"
"322","140","ENG-12","component","has_metric","engine_water_temp_c","metric","PAD-A","ENG-12","engine_water_temp_c","83.0","°C","MED",,,"2025-09-12 18:00:00+00"
"323","140","ENG-12","component","has_metric","engine_load_pct","metric","PAD-A","ENG-12","engine_load_pct","81.0","%","MED",,,"2025-09-12 18:00:00+00"
"324","140","ENG-12","component","has_symptom","exceeded_limits","symptom","PAD-A","ENG-12",,,,"HIGH",,,"2025-09-12 18:00:00+00"
"325","140","ENG-12","component","has_status","exceeded","status","PAD-A","ENG-12",,,,,,,"2025-09-12 18:00:00+00"
"326","141","ENG-12","component","located_at","PAD-A","pad","PAD-A","ENG-12",,,,,,,"2025-09-12 18:15:00+00"
"327","141","ENG-12","component","has_metric","engine_oil_pressure_psi","metric","PAD-A","ENG-12","engine_oil_pressure_psi","91.0","psi","HIGH",,,"2025-09-12 18:15:00+00"
"328","141","ENG-12","component","has_metric","engine_oil_temp_c","metric","PAD-A","ENG-12","engine_oil_temp_c","95.0","°C","MED",,,"2025-09-12 18:15:00+00"
"329","141","ENG-12","component","has_metric","engine_water_temp_c","metric","PAD-A","ENG-12","engine_water_temp_c","104.0","°C","HIGH",,,"2025-09-12 18:15:00+00"
"330","141","ENG-12","component","has_metric","engine_load_pct","metric","PAD-A","ENG-12","engine_load_pct","78.0","%","MED",,,"2025-09-12 18:15:00+00"
"331","141","ENG-12","component","has_symptom","exceeded_limits","symptom","PAD-A","ENG-12",,,,"HIGH",,,"2025-09-12 18:15:00+00"
"332","141","ENG-12","component","has_status","normal","status","PAD-A","ENG-12",,,,,,,"2025-09-12 18:15:00+00"
"333","142","ENG-12","component","located_at","PAD-A","pad","PAD-A","ENG-12",,,,,,,"2025-09-12 18:30:00+00"
"334","142","ENG-12","component","has_metric","engine_oil_pressure_psi","metric","PAD-A","ENG-12","engine_oil_pressure_psi","59.0","psi","MED",,,"2025-09-12 18:30:00+00"
"335","142","ENG-12","component","has_metric","engine_oil_temp_c","metric","PAD-A","ENG-12","engine_oil_temp_c","92.0","°C","MED",,,"2025-09-12 18:30:00+00"
"336","142","ENG-12","component","has_metric","engine_water_temp_c","metric","PAD-A","ENG-12","engine_water_temp_c","106.0","°C","HIGH",,,"2025-09-12 18:30:00+00"
"337","142","ENG-12","component","has_metric","engine_load_pct","metric","PAD-A","ENG-12","engine_load_pct","102.0","%","HIGH",,,"2025-09-12 18:30:00+00"
"338","142","ENG-12","component","has_symptom","exceeded_limits","symptom","PAD-A","ENG-12",,,,"HIGH",,,"2025-09-12 18:30:00+00"
"339","142","ENG-12","component","has_status","normal","status","PAD-A","ENG-12",,,,,,,"2025-09-12 18:30:00+00"
"340","143","ENG-34","component","located_at","PAD-C","pad","PAD-C","ENG-34",,,,,,,"2025-09-12 18:45:00+00"
"341","143","ENG-34","component","has_metric","engine_oil_pressure_psi","metric","PAD-C","ENG-34","engine_oil_pressure_psi","56.0","psi","MED",,,"2025-09-12 18:45:00+00"
"342","143","ENG-34","component","has_metric","engine_oil_temp_c","metric","PAD-C","ENG-34","engine_oil_temp_c","96.0","°C","MED",,,"2025-09-12 18:45:00+00"
"343","143","ENG-34","component","has_metric","engine_water_temp_c","metric","PAD-C","ENG-34","engine_water_temp_c","106.0","°C","HIGH",,,"2025-09-12 18:45:00+00"
"344","143","ENG-34","component","has_metric","engine_load_pct","metric","PAD-C","ENG-34","engine_load_pct","83.0","%","MED",,,"2025-09-12 18:45:00+00"
"345","143","ENG-34","component","has_symptom","exceeded_limits","symptom","PAD-C","ENG-34",,,,"HIGH",,,"2025-09-12 18:45:00+00"
"346","143","ENG-34","component","has_status","exceeded","status","PAD-C","ENG-34",,,,,,,"2025-09-12 18:45:00+00"
"347","144","ENG-34","component","located_at","PAD-C","pad","PAD-C","ENG-34",,,,,,,"2025-09-12 19:00:00+00"
"348","144","ENG-34","component","has_metric","engine_oil_pressure_psi","metric","PAD-C","ENG-34","engine_oil_pressure_psi","66.0","psi","MED",,,"2025-09-12 19:00:00+00"
"349","144","ENG-34","component","has_metric","engine_oil_temp_c","metric","PAD-C","ENG-34","engine_oil_temp_c","125.0","°C","HIGH",,,"2025-09-12 19:00:00+00"
"350","144","ENG-34","component","has_metric","engine_water_temp_c","metric","PAD-C","ENG-34","engine_water_temp_c","92.0","°C","MED",,,"2025-09-12 19:00:00+00"
"351","144","ENG-34","component","has_metric","engine_load_pct","metric","PAD-C","ENG-34","engine_load_pct","104.0","%","HIGH",,,"2025-09-12 19:00:00+00"
"352","144","ENG-34","component","has_symptom","exceeded_limits","symptom","PAD-C","ENG-34",,,,"HIGH",,,"2025-09-12 19:00:00+00"
"353","144","ENG-34","component","has_status","normal","status","PAD-C","ENG-34",,,,,,,"2025-09-12 19:00:00+00"
"354","145","ENG-34","component","located_at","PAD-C","pad","PAD-C","ENG-34",,,,,,,"2025-09-12 19:15:00+00"
"355","145","ENG-34","component","has_metric","engine_oil_pressure_psi","metric","PAD-C","ENG-34","engine_oil_pressure_psi","86.0","psi","MED",,,"2025-09-12 19:15:00+00"
"356","145","ENG-34","component","has_metric","engine_oil_temp_c","metric","PAD-C","ENG-34","engine_oil_temp_c","93.0","°C","MED",,,"2025-09-12 19:15:00+00"
"357","145","ENG-34","component","has_metric","engine_water_temp_c","metric","PAD-C","ENG-34","engine_water_temp_c","80.0","°C","MED",,,"2025-09-12 19:15:00+00"
"358","145","ENG-34","component","has_metric","engine_load_pct","metric","PAD-C","ENG-34","engine_load_pct","97.0","%","HIGH",,,"2025-09-12 19:15:00+00"
"359","145","ENG-34","component","has_symptom","exceeded_limits","symptom","PAD-C","ENG-34",,,,"HIGH",,,"2025-09-12 19:15:00+00"
"360","145","ENG-34","component","has_status","exceeded","status","PAD-C","ENG-34",,,,,,,"2025-09-12 19:15:00+00"
"361","146","ENG-12","component","located_at","PAD-A","pad","PAD-A","ENG-12",,,,,,,"2025-09-12 19:30:00+00"
"362","146","ENG-12","component","has_metric","engine_oil_pressure_psi","metric","PAD-A","ENG-12","engine_oil_pressure_psi","66.0","psi","MED",,,"2025-09-12 19:30:00+00"
"363","146","ENG-12","component","has_metric","engine_oil_temp_c","metric","PAD-A","ENG-12","engine_oil_temp_c","94.0","°C","MED",,,"2025-09-12 19:30:00+00"
"364","146","ENG-12","component","has_metric","engine_water_temp_c","metric","PAD-A","ENG-12","engine_water_temp_c","101.0","°C","HIGH",,,"2025-09-12 19:30:00+00"
"365","146","ENG-12","component","has_metric","engine_load_pct","metric","PAD-A","ENG-12","engine_load_pct","93.0","%","HIGH",,,"2025-09-12 19:30:00+00"
"366","146","ENG-12","component","has_symptom","exceeded_limits","symptom","PAD-A","ENG-12",,,,"HIGH",,,"2025-09-12 19:30:00+00"
"367","146","ENG-12","component","has_status","exceeded","status","PAD-A","ENG-12",,,,,,,"2025-09-12 19:30:00+00"
"368","147","ENG-12","component","located_at","PAD-A","pad","PAD-A","ENG-12",,,,,,,"2025-09-12 19:45:00+00"
"369","147","ENG-12","component","has_metric","engine_oil_pressure_psi","metric","PAD-A","ENG-12","engine_oil_pressure_psi","59.0","psi","MED",,,"2025-09-12 19:45:00+00"
"370","147","ENG-12","component","has_metric","engine_oil_temp_c","metric","PAD-A","ENG-12","engine_oil_temp_c","117.0","°C","HIGH",,,"2025-09-12 19:45:00+00"
"371","147","ENG-12","component","has_metric","engine_water_temp_c","metric","PAD-A","ENG-12","engine_water_temp_c","100.0","°C","HIGH",,,"2025-09-12 19:45:00+00"
"372","147","ENG-12","component","has_metric","engine_load_pct","metric","PAD-A","ENG-12","engine_load_pct","101.0","%","HIGH",,,"2025-09-12 19:45:00+00"
"373","147","ENG-12","component","has_symptom","exceeded_limits","symptom","PAD-A","ENG-12",,,,"HIGH",,,"2025-09-12 19:45:00+00"
"374","147","ENG-12","component","has_status","exceeded","status","PAD-A","ENG-12",,,,,,,"2025-09-12 19:45:00+00"
"375","148","PAD-A","pad","has_metric","fluid_end_vibration_mms","metric","PAD-A",,"fluid_end_vibration_mms","7.7","mm/s","HIGH",,,"2025-09-12 20:00:00+00"
"376","148","PAD-A","pad","has_symptom","exceeded_limits","symptom","PAD-A",,,,,"HIGH",,,"2025-09-12 20:00:00+00"
"377","148","PAD-A","pad","has_status","issue_flagged","status","PAD-A",,,,,,,,"2025-09-12 20:00:00+00"
"378","149","ENG-27","component","located_at","PAD-B","pad","PAD-B","ENG-27",,,,,,,"2025-09-12 20:15:00+00"
"379","149","ENG-27","component","has_metric","engine_oil_pressure_psi","metric","PAD-B","ENG-27","engine_oil_pressure_psi","56.0","psi","MED",,,"2025-09-12 20:15:00+00"
"380","149","ENG-27","component","has_metric","engine_oil_temp_c","metric","PAD-B","ENG-27","engine_oil_temp_c","114.0","°C","HIGH",,,"2025-09-12 20:15:00+00"
"381","149","ENG-27","component","has_metric","engine_water_temp_c","metric","PAD-B","ENG-27","engine_water_temp_c","110.0","°C","HIGH",,,"2025-09-12 20:15:00+00"
"382","149","ENG-27","component","has_metric","engine_load_pct","metric","PAD-B","ENG-27","engine_load_pct","100.0","%","HIGH",,,"2025-09-12 20:15:00+00"
"383","149","ENG-27","component","has_symptom","exceeded_limits","symptom","PAD-B","ENG-27",,,,"HIGH",,,"2025-09-12 20:15:00+00"
"384","149","ENG-27","component","has_status","exceeded","status","PAD-B","ENG-27",,,,,,,"2025-09-12 20:15:00+00"
"385","150","PAD-A","pad","has_metric","fluid_end_vibration_mms","metric","PAD-A",,"fluid_end_vibration_mms","5.3","mm/s","HIGH",,,"2025-09-12 20:30:00+00"
"386","150","PAD-A","pad","has_symptom","exceeded_limits","symptom","PAD-A",,,,,"HIGH",,,"2025-09-12 20:30:00+00"
"387","150","PAD-A","pad","has_status","warning","status","PAD-A",,,,,,,,"2025-09-12 20:30:00+00"
"388","151","ENG-34","component","located_at","PAD-C","pad","PAD-C","ENG-34",,,,,,,"2025-09-12 20:45:00+00"
"389","151","ENG-34","component","has_metric","engine_oil_pressure_psi","metric","PAD-C","ENG-34","engine_oil_pressure_psi","77.0","psi","MED",,,"2025-09-12 20:45:00+00"
"390","151","ENG-34","component","has_metric","engine_oil_temp_c","metric","PAD-C","ENG-34","engine_oil_temp_c","113.0","°C","HIGH",,,"2025-09-12 20:45:00+00"
"391","151","ENG-34","component","has_metric","engine_water_temp_c","metric","PAD-C","ENG-34","engine_water_temp_c","98.0","°C","HIGH",,,"2025-09-12 20:45:00+00"
"392","151","ENG-34","component","has_metric","engine_load_pct","metric","PAD-C","ENG-34","engine_load_pct","103.0","%","HIGH",,,"2025-09-12 20:45:00+00"
"393","151","ENG-34","component","has_symptom","exceeded_limits","symptom","PAD-C","ENG-34",,,,"HIGH",,,"2025-09-12 20:45:00+00"
"394","151","ENG-34","component","has_status","exceeded","status","PAD-C","ENG-34",,,,,,,"2025-09-12 20:45:00+00"
"395","152","ENG-12","component","located_at","PAD-A","pad","PAD-A","ENG-12",,,,,,,"2025-09-12 21:00:00+00"
"396","152","ENG-12","component","has_metric","engine_oil_pressure_psi","metric","PAD-A","ENG-12","engine_oil_pressure_psi","90.0","psi","HIGH",,,"2025-09-12 21:00:00+00"
"397","152","ENG-12","component","has_metric","engine_oil_temp_c","metric","PAD-A","ENG-12","engine_oil_temp_c","91.0","°C","MED",,,"2025-09-12 21:00:00+00"
"398","152","ENG-12","component","has_metric","engine_water_temp_c","metric","PAD-A","ENG-12","engine_water_temp_c","101.0","°C","HIGH",,,"2025-09-12 21:00:00+00"
"399","152","ENG-12","component","has_metric","engine_load_pct","metric","PAD-A","ENG-12","engine_load_pct","73.0","%","MED",,,"2025-09-12 21:00:00+00"
"400","152","ENG-12","component","has_symptom","exceeded_limits","symptom","PAD-A","ENG-12",,,,"HIGH",,,"2025-09-12 21:00:00+00"
"401","152","ENG-12","component","has_status","exceeded","status","PAD-A","ENG-12",,,,,,,"2025-09-12 21:00:00+00"
"402","153","TRANS-12","component","located_at","PAD-A","pad","PAD-A","TRANS-12",,,,,,,"2025-09-12 21:15:00+00"
"403","153","TRANS-12","component","has_metric","trans_oil_pressure_psi","metric","PAD-A","TRANS-12","trans_oil_pressure_psi","278.0","psi","HIGH",,,"2025-09-12 21:15:00+00"
"404","153","TRANS-12","component","has_metric","trans_oil_temp_c","metric","PAD-A","TRANS-12","trans_oil_temp_c","118.0","°C","HIGH",,,"2025-09-12 21:15:00+00"
"405","153","TRANS-12","component","has_symptom","exceeded_limits","symptom","PAD-A","TRANS-12",,,,"HIGH",,,"2025-09-12 21:15:00+00"
"406","153","TRANS-12","component","has_status","issue_flagged","status","PAD-A","TRANS-12",,,,,,,"2025-09-12 21:15:00+00"
"407","154","PAD-A","pad","has_metric","fluid_end_vibration_mms","metric","PAD-A",,"fluid_end_vibration_mms","2.7","mm/s","MED",,,"2025-09-12 21:30:00+00"
"408","154","PAD-A","pad","has_status","issue_flagged","status","PAD-A",,,,,,,,"2025-09-12 21:30:00+00"
"409","155","PAD-A","pad","has_metric","fluid_end_vibration_mms","metric","PAD-A",,"fluid_end_vibration_mms","4.0","mm/s","MED",,,"2025-09-12 21:45:00+00"
"410","155","PAD-A","pad","has_status","issue_flagged","status","PAD-A",,,,,,,,"2025-09-12 21:45:00+00"
"411","156","ENG-12","component","located_at","PAD-A","pad","PAD-A","ENG-12",,,,,,,"2025-09-12 22:00:00+00"
"412","156","ENG-12","component","has_metric","engine_oil_pressure_psi","metric","PAD-A","ENG-12","engine_oil_pressure_psi","94.0","psi","HIGH",,,"2025-09-12 22:00:00+00"
"413","156","ENG-12","component","has_metric","engine_oil_temp_c","metric","PAD-A","ENG-12","engine_oil_temp_c","115.0","°C","HIGH",,,"2025-09-12 22:00:00+00"
"414","156","ENG-12","component","has_metric","engine_water_temp_c","metric","PAD-A","ENG-12","engine_water_temp_c","105.0","°C","HIGH",,,"2025-09-12 22:00:00+00"
"415","156","ENG-12","component","has_metric","engine_load_pct","metric","PAD-A","ENG-12","engine_load_pct","87.0","%","MED",,,"2025-09-12 22:00:00+00"
"416","156","ENG-12","component","has_symptom","exceeded_limits","symptom","PAD-A","ENG-12",,,,"HIGH",,,"2025-09-12 22:00:00+00"
"417","156","ENG-12","component","has_status","normal","status","PAD-A","ENG-12",,,,,,,"2025-09-12 22:00:00+00"
"418","157","TRANS-12","component","located_at","PAD-A","pad","PAD-A","TRANS-12",,,,,,,"2025-09-12 22:15:00+00"
"419","157","TRANS-12","component","has_metric","trans_oil_pressure_psi","metric","PAD-A","TRANS-12","trans_oil_pressure_psi","97.0","psi","MED",,,"2025-09-12 22:15:00+00"
"420","157","TRANS-12","component","has_metric","trans_oil_temp_c","metric","PAD-A","TRANS-12","trans_oil_temp_c","89.0","°C","MED",,,"2025-09-12 22:15:00+00"
"421","157","TRANS-12","component","has_status","issue_flagged","status","PAD-A","TRANS-12",,,,,,,"2025-09-12 22:15:00+00"
"422","158","PAD-A","pad","has_metric","fluid_end_vibration_mms","metric","PAD-A",,"fluid_end_vibration_mms","3.8","mm/s","MED",,,"2025-09-12 22:30:00+00"
"423","158","PAD-A","pad","has_status","issue_flagged","status","PAD-A",,,,,,,,"2025-09-12 22:30:00+00"
"424","159","PAD-A","pad","has_metric","fluid_end_vibration_mms","metric","PAD-A",,"fluid_end_vibration_mms","5.1","mm/s","HIGH",,,"2025-09-12 22:45:00+00"
"425","159","PAD-A","pad","has_symptom","exceeded_limits","symptom","PAD-A",,,,,"HIGH",,,"2025-09-12 22:45:00+00"
"426","159","PAD-A","pad","has_status","issue_flagged","status","PAD-A",,,,,,,,"2025-09-12 22:45:00+00"
"427","160","ENG-27","component","located_at","PAD-B","pad","PAD-B","ENG-27",,,,,,,"2025-09-12 23:00:00+00"
"428","160","ENG-27","component","has_metric","engine_oil_pressure_psi","metric","PAD-B","ENG-27","engine_oil_pressure_psi","84.0","psi","MED",,,"2025-09-12 23:00:00+00"
"429","160","ENG-27","component","has_metric","engine_oil_temp_c","metric","PAD-B","ENG-27","engine_oil_temp_c","109.0","°C","MED",,,"2025-09-12 23:00:00+00"
"430","160","ENG-27","component","has_metric","engine_water_temp_c","metric","PAD-B","ENG-27","engine_water_temp_c","103.0","°C","HIGH",,,"2025-09-12 23:00:00+00"
"431","160","ENG-27","component","has_metric","engine_load_pct","metric","PAD-B","ENG-27","engine_load_pct","99.0","%","HIGH",,,"2025-09-12 23:00:00+00"
"432","160","ENG-27","component","has_symptom","exceeded_limits","symptom","PAD-B","ENG-27",,,,"HIGH",,,"2025-09-12 23:00:00+00"
"433","160","ENG-27","component","has_status","exceeded","status","PAD-B","ENG-27",,,,,,,"2025-09-12 23:00:00+00"
"434","161","ENG-34","component","located_at","PAD-C","pad","PAD-C","ENG-34",,,,,,,"2025-09-12 23:15:00+00"
"435","161","ENG-34","component","has_metric","engine_oil_pressure_psi","metric","PAD-C","ENG-34","engine_oil_pressure_psi","61.0","psi","MED",,,"2025-09-12 23:15:00+00"
"436","161","ENG-34","component","has_metric","engine_oil_temp_c","metric","PAD-C","ENG-34","engine_oil_temp_c","108.0","°C","MED",,,"2025-09-12 23:15:00+00"
"437","161","ENG-34","component","has_metric","engine_water_temp_c","metric","PAD-C","ENG-34","engine_water_temp_c","84.0","°C","MED",,,"2025-09-12 23:15:00+00"
"438","161","ENG-34","component","has_metric","engine_load_pct","metric","PAD-C","ENG-34","engine_load_pct","101.0","%","HIGH",,,"2025-09-12 23:15:00+00"
"439","161","ENG-34","component","has_symptom","exceeded_limits","symptom","PAD-C","ENG-34",,,,"HIGH",,,"2025-09-12 23:15:00+00"
"440","161","ENG-34","component","has_status","exceeded","status","PAD-C","ENG-34",,,,,,,"2025-09-12 23:15:00+00"
"441","162","ENG-27","component","located_at","PAD-B","pad","PAD-B","ENG-27",,,,,,,"2025-09-12 23:30:00+00"
"442","162","ENG-27","component","has_metric","engine_oil_pressure_psi","metric","PAD-B","ENG-27","engine_oil_pressure_psi","77.0","psi","MED",,,"2025-09-12 23:30:00+00"
"443","162","ENG-27","component","has_metric","engine_oil_temp_c","metric","PAD-B","ENG-27","engine_oil_temp_c","103.0","°C","MED",,,"2025-09-12 23:30:00+00"
"444","162","ENG-27","component","has_metric","engine_water_temp_c","metric","PAD-B","ENG-27","engine_water_temp_c","96.0","°C","HIGH",,,"2025-09-12 23:30:00+00"
"445","162","ENG-27","component","has_metric","engine_load_pct","metric","PAD-B","ENG-27","engine_load_pct","92.0","%","HIGH",,,"2025-09-12 23:30:00+00"
"446","162","ENG-27","component","has_symptom","exceeded_limits","symptom","PAD-B","ENG-27",,,,"HIGH",,,"2025-09-12 23:30:00+00"
"447","162","ENG-27","component","has_status","normal","status","PAD-B","ENG-27",,,,,,,"2025-09-12 23:30:00+00"
"448","163","ENG-27","component","located_at","PAD-B","pad","PAD-B","ENG-27",,,,,,,"2025-09-12 23:45:00+00"
"449","163","ENG-27","component","has_metric","engine_oil_pressure_psi","metric","PAD-B","ENG-27","engine_oil_pressure_psi","67.0","psi","MED",,,"2025-09-12 23:45:00+00"
"450","163","ENG-27","component","has_metric","engine_oil_temp_c","metric","PAD-B","ENG-27","engine_oil_temp_c","130.0","°C","HIGH",,,"2025-09-12 23:45:00+00"
"451","163","ENG-27","component","has_metric","engine_water_temp_c","metric","PAD-B","ENG-27","engine_water_temp_c","96.0","°C","HIGH",,,"2025-09-12 23:45:00+00"
"452","163","ENG-27","component","has_metric","engine_load_pct","metric","PAD-B","ENG-27","engine_load_pct","78.0","%","MED",,,"2025-09-12 23:45:00+00"
"453","163","ENG-27","component","has_symptom","exceeded_limits","symptom","PAD-B","ENG-27",,,,"HIGH",,,"2025-09-12 23:45:00+00"
"454","163","ENG-27","component","has_status","exceeded","status","PAD-B","ENG-27",,,,,,,"2025-09-12 23:45:00+00"
"455","164","ENG-27","component","located_at","PAD-B","pad","PAD-B","ENG-27",,,,,,,"2025-09-13 00:00:00+00"
"456","164","ENG-27","component","has_metric","engine_oil_pressure_psi","metric","PAD-B","ENG-27","engine_oil_pressure_psi","80.0","psi","MED",,,"2025-09-13 00:00:00+00"
"457","164","ENG-27","component","has_metric","engine_oil_temp_c","metric","PAD-B","ENG-27","engine_oil_temp_c","129.0","°C","HIGH",,,"2025-09-13 00:00:00+00"
"458","164","ENG-27","component","has_metric","engine_water_temp_c","metric","PAD-B","ENG-27","engine_water_temp_c","92.0","°C","MED",,,"2025-09-13 00:00:00+00"
"459","164","ENG-27","component","has_metric","engine_load_pct","metric","PAD-B","ENG-27","engine_load_pct","93.0","%","HIGH",,,"2025-09-13 00:00:00+00"
"460","164","ENG-27","component","has_symptom","exceeded_limits","symptom","PAD-B","ENG-27",,,,"HIGH",,,"2025-09-13 00:00:00+00"
"461","164","ENG-27","component","has_status","normal","status","PAD-B","ENG-27",,,,,,,"2025-09-13 00:00:00+00"
"462","165","TRANS-12","component","located_at","PAD-A","pad","PAD-A","TRANS-12",,,,,,,"2025-09-13 00:15:00+00"
"463","165","TRANS-12","component","has_metric","trans_oil_pressure_psi","metric","PAD-A","TRANS-12","trans_oil_pressure_psi","145.0","psi","MED",,,"2025-09-13 00:15:00+00"
"464","165","TRANS-12","component","has_metric","trans_oil_temp_c","metric","PAD-A","TRANS-12","trans_oil_temp_c","105.0","°C","MED",,,"2025-09-13 00:15:00+00"
"465","165","TRANS-12","component","has_status","issue_flagged","status","PAD-A","TRANS-12",,,,,,,"2025-09-13 00:15:00+00"
"466","166","PAD-A","pad","has_metric","fluid_end_vibration_mms","metric","PAD-A",,"fluid_end_vibration_mms","5.9","mm/s","HIGH",,,"2025-09-13 00:30:00+00"
"467","166","PAD-A","pad","has_symptom","exceeded_limits","symptom","PAD-A",,,,,"HIGH",,,"2025-09-13 00:30:00+00"
"468","166","PAD-A","pad","has_status","issue_flagged","status","PAD-A",,,,,,,,"2025-09-13 00:30:00+00"
"469","167","PAD-A","pad","has_metric","fluid_end_vibration_mms","metric","PAD-A",,"fluid_end_vibration_mms","2.4","mm/s","MED",,,"2025-09-13 00:45:00+00"
"470","167","PAD-A","pad","has_status","warning","status","PAD-A",,,,,,,,"2025-09-13 00:45:00+00"
"471","168","TRANS-12","component","located_at","PAD-A","pad","PAD-A","TRANS-12",,,,,,,"2025-09-13 01:00:00+00"
"472","168","TRANS-12","component","has_metric","trans_oil_pressure_psi","metric","PAD-A","TRANS-12","trans_oil_pressure_psi","228.0","psi","MED",,,"2025-09-13 01:00:00+00"
"473","168","TRANS-12","component","has_metric","trans_oil_temp_c","metric","PAD-A","TRANS-12","trans_oil_temp_c","84.0","°C","MED",,,"2025-09-13 01:00:00+00"
"474","168","TRANS-12","component","has_status","issue_flagged","status","PAD-A","TRANS-12",,,,,,,"2025-09-13 01:00:00+00"
"475","169","ENG-12","component","located_at","PAD-A","pad","PAD-A","ENG-12",,,,,,,"2025-09-13 01:15:00+00"
"476","169","ENG-12","component","has_metric","engine_oil_pressure_psi","metric","PAD-A","ENG-12","engine_oil_pressure_psi","86.0","psi","MED",,,"2025-09-13 01:15:00+00"
"477","169","ENG-12","component","has_metric","engine_oil_temp_c","metric","PAD-A","ENG-12","engine_oil_temp_c","130.0","°C","HIGH",,,"2025-09-13 01:15:00+00"
"478","169","ENG-12","component","has_metric","engine_water_temp_c","metric","PAD-A","ENG-12","engine_water_temp_c","93.0","°C","MED",,,"2025-09-13 01:15:00+00"
"479","169","ENG-12","component","has_metric","engine_load_pct","metric","PAD-A","ENG-12","engine_load_pct","104.0","%","HIGH",,,"2025-09-13 01:15:00+00"
"480","169","ENG-12","component","has_symptom","exceeded_limits","symptom","PAD-A","ENG-12",,,,"HIGH",,,"2025-09-13 01:15:00+00"
"481","169","ENG-12","component","has_status","exceeded","status","PAD-A","ENG-12",,,,,,,"2025-09-13 01:15:00+00"
"482","170","PAD-A","pad","has_metric","fluid_end_vibration_mms","metric","PAD-A",,"fluid_end_vibration_mms","6.1","mm/s","HIGH",,,"2025-09-13 01:30:00+00"
"483","170","PAD-A","pad","has_symptom","exceeded_limits","symptom","PAD-A",,,,,"HIGH",,,"2025-09-13 01:30:00+00"
"484","170","PAD-A","pad","has_status","warning","status","PAD-A",,,,,,,,"2025-09-13 01:30:00+00"
"485","171","PAD-A","pad","has_metric","fluid_end_vibration_mms","metric","PAD-A",,"fluid_end_vibration_mms","2.7","mm/s","MED",,,"2025-09-13 01:45:00+00"
"486","171","PAD-A","pad","has_status","warning","status","PAD-A",,,,,,,,"2025-09-13 01:45:00+00"
"487","172","ENG-34","component","located_at","PAD-C","pad","PAD-C","ENG-34",,,,,,,"2025-09-13 02:00:00+00"
"488","172","ENG-34","component","has_metric","engine_oil_pressure_psi","metric","PAD-C","ENG-34","engine_oil_pressure_psi","82.0","psi","MED",,,"2025-09-13 02:00:00+00"
"489","172","ENG-34","component","has_metric","engine_oil_temp_c","metric","PAD-C","ENG-34","engine_oil_temp_c","108.0","°C","MED",,,"2025-09-13 02:00:00+00"
"490","172","ENG-34","component","has_metric","engine_water_temp_c","metric","PAD-C","ENG-34","engine_water_temp_c","96.0","°C","HIGH",,,"2025-09-13 02:00:00+00"
"491","172","ENG-34","component","has_metric","engine_load_pct","metric","PAD-C","ENG-34","engine_load_pct","70.0","%","MED",,,"2025-09-13 02:00:00+00"
"492","172","ENG-34","component","has_symptom","exceeded_limits","symptom","PAD-C","ENG-34",,,,"HIGH",,,"2025-09-13 02:00:00+00"
"493","172","ENG-34","component","has_status","normal","status","PAD-C","ENG-34",,,,,,,"2025-09-13 02:00:00+00"
"494","173","ENG-27","component","located_at","PAD-B","pad","PAD-B","ENG-27",,,,,,,"2025-09-13 02:15:00+00"
"495","173","ENG-27","component","has_metric","engine_oil_pressure_psi","metric","PAD-B","ENG-27","engine_oil_pressure_psi","71.0","psi","MED",,,"2025-09-13 02:15:00+00"
"496","173","ENG-27","component","has_metric","engine_oil_temp_c","metric","PAD-B","ENG-27","engine_oil_temp_c","113.0","°C","HIGH",,,"2025-09-13 02:15:00+00"
"497","173","ENG-27","component","has_metric","engine_water_temp_c","metric","PAD-B","ENG-27","engine_water_temp_c","96.0","°C","HIGH",,,"2025-09-13 02:15:00+00"
"498","173","ENG-27","component","has_metric","engine_load_pct","metric","PAD-B","ENG-27","engine_load_pct","90.0","%","HIGH",,,"2025-09-13 02:15:00+00"
"499","173","ENG-27","component","has_symptom","exceeded_limits","symptom","PAD-B","ENG-27",,,,"HIGH",,,"2025-09-13 02:15:00+00"
"500","173","ENG-27","component","has_status","exceeded","status","PAD-B","ENG-27",,,,,,,"2025-09-13 02:15:00+00"
"501","174","TRANS-12","component","located_at","PAD-A","pad","PAD-A","TRANS-12",,,,,,,"2025-09-13 02:30:00+00"
"502","174","TRANS-12","component","has_metric","trans_oil_pressure_psi","metric","PAD-A","TRANS-12","trans_oil_pressure_psi","296.0","psi","HIGH",,,"2025-09-13 02:30:00+00"
"503","174","TRANS-12","component","has_metric","trans_oil_temp_c","metric","PAD-A","TRANS-12","trans_oil_temp_c","106.0","°C","MED",,,"2025-09-13 02:30:00+00"
"504","174","TRANS-12","component","has_symptom","exceeded_limits","symptom","PAD-A","TRANS-12",,,,"HIGH",,,"2025-09-13 02:30:00+00"
"505","174","TRANS-12","component","has_status","issue_flagged","status","PAD-A","TRANS-12",,,,,,,"2025-09-13 02:30:00+00"
"506","175","ENG-12","component","located_at","PAD-A","pad","PAD-A","ENG-12",,,,,,,"2025-09-13 02:45:00+00"
"507","175","ENG-12","component","has_metric","engine_oil_pressure_psi","metric","PAD-A","ENG-12","engine_oil_pressure_psi","87.0","psi","MED",,,"2025-09-13 02:45:00+00"
"508","175","ENG-12","component","has_metric","engine_oil_temp_c","metric","PAD-A","ENG-12","engine_oil_temp_c","127.0","°C","HIGH",,,"2025-09-13 02:45:00+00"
"509","175","ENG-12","component","has_metric","engine_water_temp_c","metric","PAD-A","ENG-12","engine_water_temp_c","92.0","°C","MED",,,"2025-09-13 02:45:00+00"
"510","175","ENG-12","component","has_metric","engine_load_pct","metric","PAD-A","ENG-12","engine_load_pct","84.0","%","MED",,,"2025-09-13 02:45:00+00"
"511","175","ENG-12","component","has_symptom","exceeded_limits","symptom","PAD-A","ENG-12",,,,"HIGH",,,"2025-09-13 02:45:00+00"
"512","175","ENG-12","component","has_status","exceeded","status","PAD-A","ENG-12",,,,,,,"2025-09-13 02:45:00+00"
"513","176","PAD-A","pad","has_metric","fluid_end_vibration_mms","metric","PAD-A",,"fluid_end_vibration_mms","3.8","mm/s","MED",,,"2025-09-13 03:00:00+00"
"514","176","PAD-A","pad","has_status","issue_flagged","status","PAD-A",,,,,,,,"2025-09-13 03:00:00+00"
"515","177","PAD-A","pad","has_metric","fluid_end_vibration_mms","metric","PAD-A",,"fluid_end_vibration_mms","4.3","mm/s","MED",,,"2025-09-13 03:15:00+00"
"516","177","PAD-A","pad","has_status","warning","status","PAD-A",,,,,,,,"2025-09-13 03:15:00+00"
"517","178","TRANS-12","component","located_at","PAD-A","pad","PAD-A","TRANS-12",,,,,,,"2025-09-13 03:30:00+00"
"518","178","TRANS-12","component","has_metric","trans_oil_pressure_psi","metric","PAD-A","TRANS-12","trans_oil_pressure_psi","132.0","psi","MED",,,"2025-09-13 03:30:00+00"
"519","178","TRANS-12","component","has_metric","trans_oil_temp_c","metric","PAD-A","TRANS-12","trans_oil_temp_c","110.0","°C","HIGH",,,"2025-09-13 03:30:00+00"
"520","178","TRANS-12","component","has_symptom","exceeded_limits","symptom","PAD-A","TRANS-12",,,,"HIGH",,,"2025-09-13 03:30:00+00"
"521","178","TRANS-12","component","has_status","issue_flagged","status","PAD-A","TRANS-12",,,,,,,"2025-09-13 03:30:00+00"
"522","179","PAD-A","pad","has_metric","fluid_end_vibration_mms","metric","PAD-A",,"fluid_end_vibration_mms","7.1","mm/s","HIGH",,,"2025-09-13 03:45:00+00"
"523","179","PAD-A","pad","has_symptom","exceeded_limits","symptom","PAD-A",,,,,"HIGH",,,"2025-09-13 03:45:00+00"
"524","179","PAD-A","pad","has_status","issue_flagged","status","PAD-A",,,,,,,,"2025-09-13 03:45:00+00"
"525","180","TRANS-12","component","located_at","PAD-A","pad","PAD-A","TRANS-12",,,,,,,"2025-09-13 04:00:00+00"
"526","180","TRANS-12","component","has_metric","trans_oil_pressure_psi","metric","PAD-A","TRANS-12","trans_oil_pressure_psi","216.0","psi","MED",,,"2025-09-13 04:00:00+00"
"527","180","TRANS-12","component","has_metric","trans_oil_temp_c","metric","PAD-A","TRANS-12","trans_oil_temp_c","113.0","°C","HIGH",,,"2025-09-13 04:00:00+00"
"528","180","TRANS-12","component","has_symptom","exceeded_limits","symptom","PAD-A","TRANS-12",,,,"HIGH",,,"2025-09-13 04:00:00+00"
"529","180","TRANS-12","component","has_status","issue_flagged","status","PAD-A","TRANS-12",,,,,,,"2025-09-13 04:00:00+00"
"530","181","ENG-27","component","located_at","PAD-B","pad","PAD-B","ENG-27",,,,,,,"2025-09-13 04:15:00+00"
"531","181","ENG-27","component","has_metric","engine_oil_pressure_psi","metric","PAD-B","ENG-27","engine_oil_pressure_psi","62.0","psi","MED",,,"2025-09-13 04:15:00+00"
"532","181","ENG-27","component","has_metric","engine_oil_temp_c","metric","PAD-B","ENG-27","engine_oil_temp_c","109.0","°C","MED",,,"2025-09-13 04:15:00+00"
"533","181","ENG-27","component","has_metric","engine_water_temp_c","metric","PAD-B","ENG-27","engine_water_temp_c","97.0","°C","HIGH",,,"2025-09-13 04:15:00+00"
"534","181","ENG-27","component","has_metric","engine_load_pct","metric","PAD-B","ENG-27","engine_load_pct","89.0","%","MED",,,"2025-09-13 04:15:00+00"
"535","181","ENG-27","component","has_symptom","exceeded_limits","symptom","PAD-B","ENG-27",,,,"HIGH",,,"2025-09-13 04:15:00+00"
"536","181","ENG-27","component","has_status","normal","status","PAD-B","ENG-27",,,,,,,"2025-09-13 04:15:00+00"
"537","182","PAD-A","pad","has_metric","fluid_end_vibration_mms","metric","PAD-A",,"fluid_end_vibration_mms","7.6","mm/s","HIGH",,,"2025-09-13 04:30:00+00"
"538","182","PAD-A","pad","has_symptom","exceeded_limits","symptom","PAD-A",,,,,"HIGH",,,"2025-09-13 04:30:00+00"
"539","182","PAD-A","pad","has_status","issue_flagged","status","PAD-A",,,,,,,,"2025-09-13 04:30:00+00"
"540","183","ENG-12","component","located_at","PAD-A","pad","PAD-A","ENG-12",,,,,,,"2025-09-13 04:45:00+00"
"541","183","ENG-12","component","has_metric","engine_oil_pressure_psi","metric","PAD-A","ENG-12","engine_oil_pressure_psi","58.0","psi","MED",,,"2025-09-13 04:45:00+00"
"542","183","ENG-12","component","has_metric","engine_oil_temp_c","metric","PAD-A","ENG-12","engine_oil_temp_c","94.0","°C","MED",,,"2025-09-13 04:45:00+00"
"543","183","ENG-12","component","has_metric","engine_water_temp_c","metric","PAD-A","ENG-12","engine_water_temp_c","94.0","°C","MED",,,"2025-09-13 04:45:00+00"
"544","183","ENG-12","component","has_metric","engine_load_pct","metric","PAD-A","ENG-12","engine_load_pct","86.0","%","MED",,,"2025-09-13 04:45:00+00"
"545","183","ENG-12","component","has_status","exceeded","status","PAD-A","ENG-12",,,,,,,"2025-09-13 04:45:00+00"
"546","184","PAD-A","pad","has_metric","fluid_end_vibration_mms","metric","PAD-A",,"fluid_end_vibration_mms","3.8","mm/s","MED",,,"2025-09-13 05:00:00+00"
"547","184","PAD-A","pad","has_status","warning","status","PAD-A",,,,,,,,"2025-09-13 05:00:00+00"
"548","185","ENG-12","component","located_at","PAD-A","pad","PAD-A","ENG-12",,,,,,,"2025-09-13 05:15:00+00"
"549","185","ENG-12","component","has_metric","engine_oil_pressure_psi","metric","PAD-A","ENG-12","engine_oil_pressure_psi","95.0","psi","HIGH",,,"2025-09-13 05:15:00+00"
"550","185","ENG-12","component","has_metric","engine_oil_temp_c","metric","PAD-A","ENG-12","engine_oil_temp_c","125.0","°C","HIGH",,,"2025-09-13 05:15:00+00"
"551","185","ENG-12","component","has_metric","engine_water_temp_c","metric","PAD-A","ENG-12","engine_water_temp_c","86.0","°C","MED",,,"2025-09-13 05:15:00+00"
"552","185","ENG-12","component","has_metric","engine_load_pct","metric","PAD-A","ENG-12","engine_load_pct","89.0","%","MED",,,"2025-09-13 05:15:00+00"
"553","185","ENG-12","component","has_symptom","exceeded_limits","symptom","PAD-A","ENG-12",,,,"HIGH",,,"2025-09-13 05:15:00+00"
"554","185","ENG-12","component","has_status","exceeded","status","PAD-A","ENG-12",,,,,,,"2025-09-13 05:15:00+00"
"555","186","ENG-27","component","located_at","PAD-B","pad","PAD-B","ENG-27",,,,,,,"2025-09-13 05:30:00+00"
"556","186","ENG-27","component","has_metric","engine_oil_pressure_psi","metric","PAD-B","ENG-27","engine_oil_pressure_psi","80.0","psi","MED",,,"2025-09-13 05:30:00+00"
"557","186","ENG-27","component","has_metric","engine_oil_temp_c","metric","PAD-B","ENG-27","engine_oil_temp_c","94.0","°C","MED",,,"2025-09-13 05:30:00+00"
"558","186","ENG-27","component","has_metric","engine_water_temp_c","metric","PAD-B","ENG-27","engine_water_temp_c","100.0","°C","HIGH",,,"2025-09-13 05:30:00+00"
"559","186","ENG-27","component","has_metric","engine_load_pct","metric","PAD-B","ENG-27","engine_load_pct","88.0","%","MED",,,"2025-09-13 05:30:00+00"
"560","186","ENG-27","component","has_symptom","exceeded_limits","symptom","PAD-B","ENG-27",,,,"HIGH",,,"2025-09-13 05:30:00+00"
"561","186","ENG-27","component","has_status","normal","status","PAD-B","ENG-27",,,,,,,"2025-09-13 05:30:00+00"
"562","187","ENG-27","component","located_at","PAD-B","pad","PAD-B","ENG-27",,,,,,,"2025-09-13 05:45:00+00"
"563","187","ENG-27","component","has_metric","engine_oil_pressure_psi","metric","PAD-B","ENG-27","engine_oil_pressure_psi","59.0","psi","MED",,,"2025-09-13 05:45:00+00"
"564","187","ENG-27","component","has_metric","engine_oil_temp_c","metric","PAD-B","ENG-27","engine_oil_temp_c","91.0","°C","MED",,,"2025-09-13 05:45:00+00"
"565","187","ENG-27","component","has_metric","engine_water_temp_c","metric","PAD-B","ENG-27","engine_water_temp_c","91.0","°C","MED",,,"2025-09-13 05:45:00+00"
"566","187","ENG-27","component","has_metric","engine_load_pct","metric","PAD-B","ENG-27","engine_load_pct","81.0","%","MED",,,"2025-09-13 05:45:00+00"
"567","187","ENG-27","component","has_status","exceeded","status","PAD-B","ENG-27",,,,,,,"2025-09-13 05:45:00+00"
"568","188","ENG-34","component","located_at","PAD-C","pad","PAD-C","ENG-34",,,,,,,"2025-09-13 06:00:00+00"
"569","188","ENG-34","component","has_metric","engine_oil_pressure_psi","metric","PAD-C","ENG-34","engine_oil_pressure_psi","89.0","psi","MED",,,"2025-09-13 06:00:00+00"
"570","188","ENG-34","component","has_metric","engine_oil_temp_c","metric","PAD-C","ENG-34","engine_oil_temp_c","116.0","°C","HIGH",,,"2025-09-13 06:00:00+00"
"571","188","ENG-34","component","has_metric","engine_water_temp_c","metric","PAD-C","ENG-34","engine_water_temp_c","106.0","°C","HIGH",,,"2025-09-13 06:00:00+00"
"572","188","ENG-34","component","has_metric","engine_load_pct","metric","PAD-C","ENG-34","engine_load_pct","97.0","%","HIGH",,,"2025-09-13 06:00:00+00"
"573","188","ENG-34","component","has_symptom","exceeded_limits","symptom","PAD-C","ENG-34",,,,"HIGH",,,"2025-09-13 06:00:00+00"
"574","188","ENG-34","component","has_status","exceeded","status","PAD-C","ENG-34",,,,,,,"2025-09-13 06:00:00+00"
"575","189","PAD-A","pad","has_metric","fluid_end_vibration_mms","metric","PAD-A",,"fluid_end_vibration_mms","4.7","mm/s","MED",,,"2025-09-13 06:15:00+00"
"576","189","PAD-A","pad","has_status","issue_flagged","status","PAD-A",,,,,,,,"2025-09-13 06:15:00+00"
"577","190","ENG-27","component","located_at","PAD-B","pad","PAD-B","ENG-27",,,,,,,"2025-09-13 06:30:00+00"
"578","190","ENG-27","component","has_metric","engine_oil_pressure_psi","metric","PAD-B","ENG-27","engine_oil_pressure_psi","88.0","psi","MED",,,"2025-09-13 06:30:00+00"
"579","190","ENG-27","component","has_metric","engine_oil_temp_c","metric","PAD-B","ENG-27","engine_oil_temp_c","117.0","°C","HIGH",,,"2025-09-13 06:30:00+00"
"580","190","ENG-27","component","has_metric","engine_water_temp_c","metric","PAD-B","ENG-27","engine_water_temp_c","91.0","°C","MED",,,"2025-09-13 06:30:00+00"
"581","190","ENG-27","component","has_metric","engine_load_pct","metric","PAD-B","ENG-27","engine_load_pct","105.0","%","HIGH",,,"2025-09-13 06:30:00+00"
"582","190","ENG-27","component","has_symptom","exceeded_limits","symptom","PAD-B","ENG-27",,,,"HIGH",,,"2025-09-13 06:30:00+00"
"583","190","ENG-27","component","has_status","normal","status","PAD-B","ENG-27",,,,,,,"2025-09-13 06:30:00+00"
"584","191","ENG-12","component","located_at","PAD-A","pad","PAD-A","ENG-12",,,,,,,"2025-09-13 06:45:00+00"
"585","191","ENG-12","component","has_metric","engine_oil_pressure_psi","metric","PAD-A","ENG-12","engine_oil_pressure_psi","60.0","psi","MED",,,"2025-09-13 06:45:00+00"
"586","191","ENG-12","component","has_metric","engine_oil_temp_c","metric","PAD-A","ENG-12","engine_oil_temp_c","126.0","°C","HIGH",,,"2025-09-13 06:45:00+00"
"587","191","ENG-12","component","has_metric","engine_water_temp_c","metric","PAD-A","ENG-12","engine_water_temp_c","105.0","°C","HIGH",,,"2025-09-13 06:45:00+00"
"588","191","ENG-12","component","has_metric","engine_load_pct","metric","PAD-A","ENG-12","engine_load_pct","84.0","%","MED",,,"2025-09-13 06:45:00+00"
"589","191","ENG-12","component","has_symptom","exceeded_limits","symptom","PAD-A","ENG-12",,,,"HIGH",,,"2025-09-13 06:45:00+00"
"590","191","ENG-12","component","has_status","normal","status","PAD-A","ENG-12",,,,,,,"2025-09-13 06:45:00+00"
"591","192","ENG-34","component","located_at","PAD-C","pad","PAD-C","ENG-34",,,,,,,"2025-09-13 07:00:00+00"
"592","192","ENG-34","component","has_metric","engine_oil_pressure_psi","metric","PAD-C","ENG-34","engine_oil_pressure_psi","71.0","psi","MED",,,"2025-09-13 07:00:00+00"
"593","192","ENG-34","component","has_metric","engine_oil_temp_c","metric","PAD-C","ENG-34","engine_oil_temp_c","122.0","°C","HIGH",,,"2025-09-13 07:00:00+00"
"594","192","ENG-34","component","has_metric","engine_water_temp_c","metric","PAD-C","ENG-34","engine_water_temp_c","83.0","°C","MED",,,"2025-09-13 07:00:00+00"
"595","192","ENG-34","component","has_metric","engine_load_pct","metric","PAD-C","ENG-34","engine_load_pct","99.0","%","HIGH",,,"2025-09-13 07:00:00+00"
"596","192","ENG-34","component","has_symptom","exceeded_limits","symptom","PAD-C","ENG-34",,,,"HIGH",,,"2025-09-13 07:00:00+00"
"597","192","ENG-34","component","has_status","exceeded","status","PAD-C","ENG-34",,,,,,,"2025-09-13 07:00:00+00"
"598","193","ENG-27","component","located_at","PAD-B","pad","PAD-B","ENG-27",,,,,,,"2025-09-13 07:15:00+00"
"599","193","ENG-27","component","has_metric","engine_oil_pressure_psi","metric","PAD-B","ENG-27","engine_oil_pressure_psi","95.0","psi","HIGH",,,"2025-09-13 07:15:00+00"
"600","193","ENG-27","component","has_metric","engine_oil_temp_c","metric","PAD-B","ENG-27","engine_oil_temp_c","101.0","°C","MED",,,"2025-09-13 07:15:00+00"
"601","193","ENG-27","component","has_metric","engine_water_temp_c","metric","PAD-B","ENG-27","engine_water_temp_c","88.0","°C","MED",,,"2025-09-13 07:15:00+00"
"602","193","ENG-27","component","has_metric","engine_load_pct","metric","PAD-B","ENG-27","engine_load_pct","98.0","%","HIGH",,,"2025-09-13 07:15:00+00"
"603","193","ENG-27","component","has_symptom","exceeded_limits","symptom","PAD-B","ENG-27",,,,"HIGH",,,"2025-09-13 07:15:00+00"
"604","193","ENG-27","component","has_status","normal","status","PAD-B","ENG-27",,,,,,,"2025-09-13 07:15:00+00"
"605","194","TRANS-12","component","located_at","PAD-A","pad","PAD-A","TRANS-12",,,,,,,"2025-09-13 07:30:00+00"
"606","194","TRANS-12","component","has_metric","trans_oil_pressure_psi","metric","PAD-A","TRANS-12","trans_oil_pressure_psi","273.0","psi","HIGH",,,"2025-09-13 07:30:00+00"
"607","194","TRANS-12","component","has_metric","trans_oil_temp_c","metric","PAD-A","TRANS-12","trans_oil_temp_c","102.0","°C","MED",,,"2025-09-13 07:30:00+00"
"608","194","TRANS-12","component","has_symptom","exceeded_limits","symptom","PAD-A","TRANS-12",,,,"HIGH",,,"2025-09-13 07:30:00+00"
"609","194","TRANS-12","component","has_status","issue_flagged","status","PAD-A","TRANS-12",,,,,,,"2025-09-13 07:30:00+00"
"610","195","ENG-34","component","located_at","PAD-C","pad","PAD-C","ENG-34",,,,,,,"2025-09-13 07:45:00+00"
"611","195","ENG-34","component","has_metric","engine_oil_pressure_psi","metric","PAD-C","ENG-34","engine_oil_pressure_psi","85.0","psi","MED",,,"2025-09-13 07:45:00+00"
"612","195","ENG-34","component","has_metric","engine_oil_temp_c","metric","PAD-C","ENG-34","engine_oil_temp_c","95.0","°C","MED",,,"2025-09-13 07:45:00+00"
"613","195","ENG-34","component","has_metric","engine_water_temp_c","metric","PAD-C","ENG-34","engine_water_temp_c","91.0","°C","MED",,,"2025-09-13 07:45:00+00"
"614","195","ENG-34","component","has_metric","engine_load_pct","metric","PAD-C","ENG-34","engine_load_pct","100.0","%","HIGH",,,"2025-09-13 07:45:00+00"
"615","195","ENG-34","component","has_symptom","exceeded_limits","symptom","PAD-C","ENG-34",,,,"HIGH",,,"2025-09-13 07:45:00+00"
"616","195","ENG-34","component","has_status","exceeded","status","PAD-C","ENG-34",,,,,,,"2025-09-13 07:45:00+00"
"617","196","ENG-12","component","located_at","PAD-A","pad","PAD-A","ENG-12",,,,,,,"2025-09-13 08:00:00+00"
"618","196","ENG-12","component","has_metric","engine_oil_pressure_psi","metric","PAD-A","ENG-12","engine_oil_pressure_psi","73.0","psi","MED",,,"2025-09-13 08:00:00+00"
"619","196","ENG-12","component","has_metric","engine_oil_temp_c","metric","PAD-A","ENG-12","engine_oil_temp_c","95.0","°C","MED",,,"2025-09-13 08:00:00+00"
"620","196","ENG-12","component","has_metric","engine_water_temp_c","metric","PAD-A","ENG-12","engine_water_temp_c","98.0","°C","HIGH",,,"2025-09-13 08:00:00+00"
"621","196","ENG-12","component","has_metric","engine_load_pct","metric","PAD-A","ENG-12","engine_load_pct","100.0","%","HIGH",,,"2025-09-13 08:00:00+00"
"622","196","ENG-12","component","has_symptom","exceeded_limits","symptom","PAD-A","ENG-12",,,,"HIGH",,,"2025-09-13 08:00:00+00"
"623","196","ENG-12","component","has_status","exceeded","status","PAD-A","ENG-12",,,,,,,"2025-09-13 08:00:00+00"
"624","197","ENG-27","component","located_at","PAD-B","pad","PAD-B","ENG-27",,,,,,,"2025-09-13 08:15:00+00"
"625","197","ENG-27","component","has_metric","engine_oil_pressure_psi","metric","PAD-B","ENG-27","engine_oil_pressure_psi","90.0","psi","HIGH",,,"2025-09-13 08:15:00+00"
"626","197","ENG-27","component","has_metric","engine_oil_temp_c","metric","PAD-B","ENG-27","engine_oil_temp_c","96.0","°C","MED",,,"2025-09-13 08:15:00+00"
"627","197","ENG-27","component","has_metric","engine_water_temp_c","metric","PAD-B","ENG-27","engine_water_temp_c","89.0","°C","MED",,,"2025-09-13 08:15:00+00"
"628","197","ENG-27","component","has_metric","engine_load_pct","metric","PAD-B","ENG-27","engine_load_pct","83.0","%","MED",,,"2025-09-13 08:15:00+00"
"629","197","ENG-27","component","has_symptom","exceeded_limits","symptom","PAD-B","ENG-27",,,,"HIGH",,,"2025-09-13 08:15:00+00"
"630","197","ENG-27","component","has_status","exceeded","status","PAD-B","ENG-27",,,,,,,"2025-09-13 08:15:00+00"
"631","198","ENG-12","component","located_at","PAD-A","pad","PAD-A","ENG-12",,,,,,,"2025-09-13 08:30:00+00"
"632","198","ENG-12","component","has_metric","engine_oil_pressure_psi","metric","PAD-A","ENG-12","engine_oil_pressure_psi","55.0","psi","MED",,,"2025-09-13 08:30:00+00"
"633","198","ENG-12","component","has_metric","engine_oil_temp_c","metric","PAD-A","ENG-12","engine_oil_temp_c","92.0","°C","MED",,,"2025-09-13 08:30:00+00"
"634","198","ENG-12","component","has_metric","engine_water_temp_c","metric","PAD-A","ENG-12","engine_water_temp_c","90.0","°C","MED",,,"2025-09-13 08:30:00+00"
"635","198","ENG-12","component","has_metric","engine_load_pct","metric","PAD-A","ENG-12","engine_load_pct","82.0","%","MED",,,"2025-09-13 08:30:00+00"
"636","198","ENG-12","component","has_status","normal","status","PAD-A","ENG-12",,,,,,,"2025-09-13 08:30:00+00"
"637","199","ENG-34","component","located_at","PAD-C","pad","PAD-C","ENG-34",,,,,,,"2025-09-13 08:45:00+00"
"638","199","ENG-34","component","has_metric","engine_oil_pressure_psi","metric","PAD-C","ENG-34","engine_oil_pressure_psi","69.0","psi","MED",,,"2025-09-13 08:45:00+00"
"639","199","ENG-34","component","has_metric","engine_oil_temp_c","metric","PAD-C","ENG-34","engine_oil_temp_c","94.0","°C","MED",,,"2025-09-13 08:45:00+00"
"640","199","ENG-34","component","has_metric","engine_water_temp_c","metric","PAD-C","ENG-34","engine_water_temp_c","100.0","°C","HIGH",,,"2025-09-13 08:45:00+00"
"641","199","ENG-34","component","has_metric","engine_load_pct","metric","PAD-C","ENG-34","engine_load_pct","98.0","%","HIGH",,,"2025-09-13 08:45:00+00"
"642","199","ENG-34","component","has_symptom","exceeded_limits","symptom","PAD-C","ENG-34",,,,"HIGH",,,"2025-09-13 08:45:00+00"
"643","199","ENG-34","component","has_status","exceeded","status","PAD-C","ENG-34",,,,,,,"2025-09-13 08:45:00+00"
"644","200","ENG-27","component","located_at","PAD-B","pad","PAD-B","ENG-27",,,,,,,"2025-09-13 09:00:00+00"
"645","200","ENG-27","component","has_metric","engine_oil_pressure_psi","metric","PAD-B","ENG-27","engine_oil_pressure_psi","61.0","psi","MED",,,"2025-09-13 09:00:00+00"
"646","200","ENG-27","component","has_metric","engine_oil_temp_c","metric","PAD-B","ENG-27","engine_oil_temp_c","127.0","°C","HIGH",,,"2025-09-13 09:00:00+00"
"647","200","ENG-27","component","has_metric","engine_water_temp_c","metric","PAD-B","ENG-27","engine_water_temp_c","104.0","°C","HIGH",,,"2025-09-13 09:00:00+00"
"648","200","ENG-27","component","has_metric","engine_load_pct","metric","PAD-B","ENG-27","engine_load_pct","75.0","%","MED",,,"2025-09-13 09:00:00+00"
"649","200","ENG-27","component","has_symptom","exceeded_limits","symptom","PAD-B","ENG-27",,,,"HIGH",,,"2025-09-13 09:00:00+00"
"650","200","ENG-27","component","has_status","normal","status","PAD-B","ENG-27",,,,,,,"2025-09-13 09:00:00+00"